test_id,rating
0,3.658333333333333
1,3.658333333333333
2,3.658333333333333
3,3.658333333333333
4,3.658333333333333
5,3.658333333333333
6,3.658333333333333
7,3.658333333333333
8,3.658333333333333
9,3.658333333333333
