test_id,rating
0,3.4476746596903034
1,3.4476746596903034
2,3.651556767535602
3,3.488597024631951
4,3.9877815002474524
5,3.9877815002474524
6,3.658333333333333
7,3.658333333333333
8,3.658333333333333
9,3.658333333333333
