test_id,rating
0,3.430029429237267
1,3.430029429237267
2,3.6868793053787217
3,3.4153787764520405
4,3.8521575957784315
5,3.8521575957784315
6,3.658333333333333
7,3.658333333333333
8,3.658333333333333
9,3.658333333333333
