test_id,rating
0,3.307267773417787
1,3.307267773417787
2,3.8061938742585153
3,3.4980432170069324
4,4.377137147305338
5,4.37471290367291
6,3.2015197670331155
7,4.2957499898181295
8,4.2957499898181295
9,4.2957499898181295
