test_id,rating
0,3.4566742022796166
1,3.4566742022796166
2,3.640815140775887
3,3.511132901982523
4,3.799421869489005
5,3.799421869489005
6,3.658333333333333
7,3.658333333333333
8,3.658333333333333
9,3.658333333333333
