test_id,rating
0,3.397540873585894
1,3.397540873585894
2,3.670540345007036
3,3.5204132549778695
4,3.813952067200663
5,3.813952067200663
6,3.658333333333333
7,3.658333333333333
8,3.658333333333333
9,3.658333333333333
